{"initial_reset_timestamp": 26177.033605648, "timestamps": [26194.335742141], "episode_lengths": [1000], "episode_rewards": [-84.18972332015755], "episode_types": ["t"]}